,Wins,Total Matches,Win Rate
R,92928,184500,0.5036747967479674
L,14973,30495,0.4909985243482538
